Test Result ID,Test Case,Path,Test Suite,OS,OS Version,Browser,Browser Version,Status,Start Time,End Time,Duration,Age
24319152,TC9_SP18_CTO-CUST-MAKE_Merge_APJ,Test Cases/SP18,SP18,,Windows 10 64bit,,,ERROR,2019-10-08 13:21:19,2019-10-08 13:21:43,23622,
24319150,TC7_SP18_SS-SEED-ORDER_Merge_APJ,Test Cases/SP18,SP18,,Windows 10 64bit,,,ERROR,2019-10-08 13:20:30,2019-10-08 13:20:52,22724,
24319149,TC6_SP18_SS-SEED-ORDER_COMPLETED_EMEA,Test Cases/SP18,SP18,,Windows 10 64bit,,,ERROR,2019-10-08 13:20:07,2019-10-08 13:20:30,22386,
24319148,TC5_SP18_BTO_CUST_MAKE_Merge_EMEA,Test Cases/SP18,SP18,,Windows 10 64bit,,,ERROR,2019-10-08 13:19:45,2019-10-08 13:20:07,22721,
24319147,TC4_SP18_SS-SEED-ORDER_Merge_EMEA,Test Cases/SP18,SP18,,Windows 10 64bit,,,ERROR,2019-10-08 13:19:21,2019-10-08 13:19:44,23380,
24319145,TC3_SP18_CTO_CUST_MAKE_Merge_EMEA,Test Cases/SP18,SP18,,Windows 10 64bit,,,ERROR,2019-10-08 13:18:58,2019-10-08 13:19:21,22775,
24319143,TC2_SP18_CTO-CUST-MAKE_COMPLETED_EMEA,Test Cases/SP18,SP18,,Windows 10 64bit,,,ERROR,2019-10-08 13:18:34,2019-10-08 13:18:58,23971,
24319141,TC1_SP18_SS-SEED-ORDER_COMPLETED_APJ,Test Cases/SP18,SP18,,Windows 10 64bit,,,ERROR,2019-10-08 13:18:11,2019-10-08 13:18:34,22622,
24319139,TC10_SP18_SS-SEED-ORDER_ORDER_APJ,Test Cases/SP18,SP18,,Windows 10 64bit,,,ERROR,2019-10-08 13:17:43,2019-10-08 13:18:11,27920,
24319151,TC8_SP18_BTO-CUST-MAKE_Merge_APJ,Test Cases/SP18,SP18,,Windows 10 64bit,,,ERROR,2019-10-08 13:20:52,2019-10-08 13:21:19,26806,
